{
    "rand_index": 0.6107265548889914,
    "mutual_info": 0.1953202943997014
}