{
    "rand_index": 0.6307692307692307,
    "mutual_info": 0.2567571899399247
}