{
    "rand_index": 0.556923076923077,
    "mutual_info": 0.1838826423577578
}